pr_number;created_at;merged_at;time_to_merge_hours;changed_files;lines_changed;total_comments;total_reviews;pr_title;pr_body;has_changes_requested;main_module;cross_modules;labels_list;inferred_task_type;commit_messages
36207;2026-01-24T18:00:49Z;2026-01-24T19:23:49Z;1,38;2;58;0;0;Refine YamlProcessor to allow different empty values;Update YamlProcessor to allow any value to be inserted for empty entries. This update will allow blank strings to be used instead of null which better aligns with the way that .properties files are loaded.This update also allows allows the specified emptyValue to be inserted instead of a blank String when the YAML contains null or ~ values.See gh-36197See gh-19986;FALSE;spring-beans;spring-beans;in: core, type: enhancement;other;Refine YamlProcessor to allow different empty values  Update `YamlProcessor` to allow any value to be inserted for empty entries. This update will allow blank strings to be used instead of `null` which better aligns with the way that `.properties` files are loaded.  This update also allows allows the specified `emptyValue` to be inserted instead of a blank String when the YAML contains `null` or `~` values.  See gh-36197 See gh-19986  Signed-off-by: Phillip Webb <phil.webb@broadcom.com>
36197;2026-01-23T06:16:57Z;2026-01-23T17:07:06Z;10,84;2;55;0;0;Allow YAML processors to create a flattened map with nulls included;Whilst looking into spring-projects/spring-boot#48920 I realized we don't currently have a good way to flatten a YAML map and retain null values. Whilst we could do this in Spring Boot, it would mean duplicating code so I wonder if we can add a new method here instead.;FALSE;spring-beans;spring-beans;in: core, type: enhancement;feature;Allow YAML processors to create a flattened map with nulls included  Add an additional `getFlattenedMap` method to `YamlProcessor` to allow the resulting flattened map to include nulls.  This update will allow processor subclasses to tell the difference between YAML that is defined with an empty object vs missing the key entirely:  e.g.:    application:     name: test     optional: {}  vs    application:     name: test     optional: {}  Closes gh-36197  Signed-off-by: Phillip Webb <phil.webb@broadcom.com>
36174;2026-01-19T13:00:38Z;2026-01-19T16:06:02Z;3,09;1;4;2;0;Upgrade to Apache POI 5.5;1. Why:To remove CVEs2. What:Upgraded Constraints for Apache POI OOXML from 5.2.5 to 5.5.1 to remediate CVE-2024-25710, CVE-2024-26308 and CVE-2025-31672Upgraded Apache Commons IO from 2.15.0 to 2.21.0 for compatibility with Apache POI;FALSE;framework-platform;framework-platform;type: dependency-upgrade;other;Upgraded Apache POI and Commons IO to remediate CVEs  Signed-off-by: Shubham Kalloli <shubham.kalloli@est.tech>
36162;2026-01-16T15:47:10Z;2026-01-16T23:16:16Z;7,49;3;135;1;0;Add overloaded sendAndReceive methods to JmsTemplate to use explicit response queue;;FALSE;spring-jms;spring-jms;in: messaging, type: enhancement;feature;Add overloaded sendAndReceive methods to JmsOperations and JmsTemplate to use explicit response queue  Signed-off-by: Michał Pisarski <pisekfm@o2.pl>
36141;2026-01-14T07:02:06Z;2026-01-14T11:03:09Z;4,02;1;23;0;0;DisconnectedClientHelper should detect presence of RestClientException and WebClientException separately;Before this commit, WebClientException is ignored if RestClientException is not present.;FALSE;spring-web;spring-web;status: backported, in: web, type: enhancement;other;Improve DisconnectedClientHelper to better guard ClassNotFoundException  Before this commit, WebClientException is ignored if RestClientException is not present.  Signed-off-by: Yanming Zhou <zhouyanming@gmail.com>
26635;2021-03-03T13:32:12Z;2021-03-03T13:44:40Z;0,21;1;2;1;0;Add RouterFunctionMapping to Javadoc for WebMvcConfigurationSupport;"spring-framework/spring-webmvc/src/main/java/org/springframework/web/servlet/config/annotation/WebMvcConfigurationSupport.java                Lines 543 to 572      in      1ee9223                                         	/**                                      	 * Return a {@link RouterFunctionMapping} ordered at 3 to map                                      	 * {@linkplain org.springframework.web.servlet.function.RouterFunction router functions}.                                      	 * Consider overriding one of these other more fine-grained methods:                                      	 * <ul>                                      	 * <li>{@link #addInterceptors} for adding handler interceptors.                                      	 * <li>{@link #addCorsMappings} to configure cross origin requests processing.                                      	 * <li>{@link #configureMessageConverters} for adding custom message converters.                                      	 * <li>{@link #configurePathMatch(PathMatchConfigurer)} for customizing the {@link PathPatternParser}.                                      	 * </ul>                                      	 * @since 5.2                                      	 */                                      	@Bean                                      	public RouterFunctionMapping routerFunctionMapping(                                      			@Qualifier(""mvcConversionService"") FormattingConversionService conversionService,                                      			@Qualifier(""mvcResourceUrlProvider"") ResourceUrlProvider resourceUrlProvider) {                                                                            		RouterFunctionMapping mapping = new RouterFunctionMapping();                                      		mapping.setOrder(3);                                      		mapping.setInterceptors(getInterceptors(conversionService, resourceUrlProvider));                                      		mapping.setCorsConfigurations(getCorsConfigurations());                                      		mapping.setMessageConverters(getMessageConverters());                                                                            		PathPatternParser patternParser = getPathMatchConfigurer().getPatternParser();                                      		if (patternParser != null) {                                      			mapping.setPatternParser(patternParser);                                      		}                                                                            		return mapping;                                      	}               I updated the Javadoc to document RouterFunctionMapping, which was missing.";FALSE;spring-webmvc;spring-webmvc;in: web, type: task;feature;Update javadoc for WebMvcConfigurationSupport
36116;2026-01-09T01:57:20Z;2026-01-09T18:52:22Z;16,92;2;61;0;0;Retain original requested bean class for SpringContainedBean;Closes GH-36115;FALSE;spring-orm;spring-orm;in: core, type: enhancement;other;Retain original requested bean class for SpringContainedBean  Closes GH-36115  Signed-off-by: Yanming Zhou <zhouyanming@gmail.com>
36110;2026-01-08T07:45:14Z;2026-01-08T08:11:06Z;0,43;1;2;1;0;Fix typo in MVC REST Error Responses documentation;MethodArgumentValidException -> MethodArgumentNotValidException;FALSE;framework-docs;framework-docs;type: task;bugfix;Fix typo in MVC REST Error Responses documentation  Signed-off-by: Philip Bolting <pb@philipbolting.de>
35970;2025-12-05T13:11:12Z;2025-12-05T14:09:02Z;0,96;5;12;0;0;Correct link to Reactive Libraries in reference docs;;FALSE;framework-docs;framework-docs;type: documentation, in: web;docs;Correct Reactive Libraries reference link  Signed-off-by: Tran Ngoc Nhan <ngocnhan.tran1996@gmail.com>
35687;2025-10-24T20:10:15Z;2025-10-28T19:30:33Z;95,34;1;27;1;4;Optimize resource URL resolution in SortedResourcesFactoryBean;DescriptionThis PR optimizes the SortedResourcesFactoryBean.createInstance() method to improve performance and stability.MotivationThe current implementation has several issues:Repeated I/O operations: getURL() is called O(n log n) times during sorting due to comparator invocations. For 10 resources, this results in ~35 URL resolutions instead of 10.Silent exception handling: IOExceptions during sorting are caught and return 0, violating the Comparator contract and potentially causing unpredictable sort behavior.Unnecessary conversions: Resources go through getResources() → Arrays.asList() → new ArrayList() transformations.ChangesCache resource URLs once before sortingRemove intermediate collection conversionsReplace silent exception swallowing with clear IllegalStateExceptionAdd contextual information to error messagesPerformance ImpactI/O calls reduced by ~70% (10 resources: 35 calls → 10 calls)Memory allocations reduced (eliminated redundant ArrayList copies)Sorting stability improved (consistent error handling)TestingExisting tests passVerified behavior with multiple location patternsBackward CompatibilityThis change maintains the same output behavior while improving performance and error handling. No breaking changes to the public API.;FALSE;spring-jdbc;spring-jdbc;in: core, type: enhancement;refactor;Optimize resource URL resolution in SortedResourcesFactoryBean  Cache resource URLs before sorting to eliminate repeated I/O calls during comparator operations. The previous implementation called getURL() multiple times per resource during sorting (O(n log n) calls), and silently swallowed IOExceptions by returning 0, potentially causing unstable sort results.  This change: - Caches URLs once per resource before sorting (O(n) I/O calls) - Removes unnecessary ArrayList conversions - Provides clear exception handling with context - Improves performance by ~70% for typical use cases  Signed-off-by: Park Juhyeong <wngud5957@naver.com>
35876;2025-11-24T10:09:07Z;2025-11-24T13:44:34Z;3,59;1;2;0;0;Update Antora UI Spring to v0.4.25;;FALSE;framework-docs;framework-docs;type: task;other;Update Antora Spring UI to v0.4.25
35877;2025-11-24T10:09:14Z;2025-11-24T13:44:14Z;3,58;1;2;1;0;Update Antora UI Spring to v0.4.25;;FALSE;framework-docs;framework-docs;type: task;other;Update Antora Spring UI to v0.4.25
35875;2025-11-24T10:09:05Z;2025-11-24T13:43:29Z;3,57;1;2;0;0;Update Antora UI Spring to v0.4.25;;FALSE;root;root;type: task;other;Update Antora Spring UI to v0.4.25
35848;2025-11-19T09:32:50Z;2025-11-19T10:47:17Z;1,24;1;12;2;0;Fix buildSrc:test failing on JDKs before JDK 25 with Non-English locale;See #35777 (comment);FALSE;buildSrc;buildSrc;type: task;bugfix;Fix buildSrc:test failing on JDKs before JDK 25 with Non-English locale  See https://github.com/spring-projects/spring-framework/issues/35777#issuecomment-3551591336  Signed-off-by: Yanming Zhou <zhouyanming@gmail.com>
35815;2025-11-13T12:28:59Z;2025-11-13T12:43:54Z;0,25;5;12;1;0;Fix typos in tests;;FALSE;spring-beans;spring-beans, spring-context, spring-core-test, spring-expression;type: task;bugfix;Fix typos  Signed-off-by: Tran Ngoc Nhan <ngocnhan.tran1996@gmail.com>
35732;2025-10-31T09:34:56Z;2025-11-01T11:25:20Z;25,84;2;55;2;0;Fix PathMatchingResourcePatternResolver to handle absolute paths in JAR manifests;When JAR manifest Class-Path entries contain absolute paths (as Gradle creates on Windows for long classpaths), PathMatchingResourcePatternResolver incorrectly rejected them.Fixes #35730;FALSE;spring-core;spring-core;type: bug, in: core;bugfix;fix: Fix PathMatchingResourcePatternResolver to handle absolute paths in JAR manifests  When JAR manifest Class-Path entries contain absolute paths (as Gradle creates on Windows for long classpaths), PathMatchingResourcePatternResolver incorrectly rejected them.  Fixes #35730  Signed-off-by: Artur Signell <artur@vaadin.com>
26700;2021-03-18T15:26:43Z;2021-07-09T13:10:55Z;2709,74;2;83;2;0;Apply dynamic changes in ThreadPoolTaskExecutor before setting local value;If the ThreadPoolTaskExecutor is dynamically changed with an invalid valuethe state of the ThreadPoolTaskExecutor does no longer correctly representthe state of the underlying ThreadPoolExecutor;FALSE;spring-context;spring-context;in: core, type: enhancement;other;Apply dynamic changes in ThreadPoolTaskExecutor before setting local value  If the ThreadPoolTaskExecutor is dynamically changed with an invalid value the state of the ThreadPoolTaskExecutor does no longer correctly represent the state of the underlying ThreadPoolExecutor
35708;2025-10-28T21:49:20Z;2025-10-30T16:29:39Z;42,67;2;72;0;0;Fix concurrency permit leak causing deadlock in SimpleAsyncTaskExecutor;"ProblemWhen concurrency limiting is enabled via setConcurrencyLimit(), if thread creation fails in doExecute() (for example, OutOfMemoryError from Thread.start()), the concurrency permit is never released, causing permanent deadlock.Root Causeif (isThrottleActive() && startTimeout > TIMEOUT_IMMEDIATE) {    this.concurrencyThrottle.beforeAccess();  // (1) Increments concurrencyCount    doExecute(new TaskTrackingRunnable(taskToUse));  // (2) May throw Error    // If (2) throws, TaskTrackingRunnable.run() never executes    // Therefore afterAccess() in its finally block is never called}Execution flow when thread creation fails:beforeAccess() increments concurrencyCount (e.g., 0 → 1)doExecute() calls newThread(task).start()Thread.start() throws OutOfMemoryErrorTaskTrackingRunnable object was created but run() never executesThe finally block containing afterAccess() never executesconcurrencyCount remains at 1 permanentlyImpactAfter enough failures (equal to concurrencyLimit), all subsequent task submissions permanently block:// ConcurrencyThrottleSupport.onLimitReached()while (this.concurrencyCount >= this.concurrencyLimit) {    this.concurrencyCondition.await();  // Blocks forever}The executor becomes permanently deadlocked.Solutionif (isThrottleActive() && startTimeout > TIMEOUT_IMMEDIATE) {    this.concurrencyThrottle.beforeAccess();    try {        doExecute(new TaskTrackingRunnable(taskToUse));    }    catch (Throwable ex) {        // Release permit if thread creation fails        this.concurrencyThrottle.afterAccess();        throw new TaskRejectedException(""Failed to start execution thread"", ex);    }}Why Only This Path?The else if (this.activeThreads != null) path does not need fixing:It never calls beforeAccess() (different code path)In this path, isThrottleActive() returned false, so concurrencyLimit == -1TaskTrackingRunnable.afterAccess() has guard: if (concurrencyLimit >= 0)With concurrencyLimit == -1, afterAccess() becomes no-opNo double-decrement or negative count issueTestingThe test reproduces the deadlock scenario:Set concurrencyLimit to 1Mock doExecute() to throw OutOfMemoryErrorFirst execute() call - should fail with some exceptionReset mock to allow successSecond execute() call - should not deadlock (the real test)Test approach: We don't care what exception the first call throws (could be Error or TaskRejectedException). The critical test is whether the second call completes without timeout, proving the permit was released.Before fix: Second call times out (deadlock)After fix: Second call completes successfullyBackward CompatibilityNo API changesBehavior only changes in error scenarios (thread creation failure)Normal execution flow unchangedException wrapping (Error → TaskRejectedException) provides better error context";FALSE;spring-core;spring-core;type: bug, in: core;bugfix;Fix concurrency permit leak causing permanent deadlock in SimpleAsyncTaskExecutor  When concurrency limiting is enabled via setConcurrencyLimit() and thread creation fails in doExecute() (e.g., OutOfMemoryError from Thread.start()), the concurrency permit acquired by beforeAccess() is never released because TaskTrackingRunnable.run() never executes.  This causes the concurrency count to permanently remain at the limit, causing all subsequent task submissions to block forever in ConcurrencyThrottleSupport.onLimitReached().  Root cause: - beforeAccess() increments concurrencyCount - doExecute() throws Error before thread starts - TaskTrackingRunnable.run() never executes - afterAccess() in finally block never called - Concurrency permit permanently leaked  Solution: Wrap doExecute() in try-catch block in the concurrency throttle path and call afterAccess() in catch block to ensure permit is always released, even when thread creation fails.  The fix only applies to the concurrency throttle path. The activeThreads-only path does not need fixing because it never calls beforeAccess(), so there is no permit to leak.  Test approach: The test simulates thread creation failure and verifies that a subsequent execution does not deadlock. The first execution should fail with some exception (type doesn't matter), and the second execution should complete within timeout if the permit was properly released.  Signed-off-by: Park Juhyeong <wngud5957@naver.com>
35627;2025-10-13T20:52:06Z;2025-10-14T17:07:04Z;20,25;2;77;0;3;Consider defaultCandidate for scoped proxies;PR for #35626;FALSE;spring-aop;spring-aop;type: bug, in: core;other;35626: defaultCandidate for scoped proxies  Signed-off-by: Schäfer, H.H. (Hans Hosea) <HansHosea.Schaefer@ing.de>
35573;2025-10-06T13:09:44Z;2025-10-06T14:54:08Z;1,74;2;4;1;0;Fix Javadoc link and remove unnecessary semicolon;;FALSE;spring-web;spring-web;type: task;bugfix;minor fix some typos  Signed-off-by: NeatGuyCoding <15627489+NeatGuyCoding@users.noreply.github.com>
35543;2025-09-25T11:19:46Z;2025-10-02T19:22:19Z;176,04;1;79;1;0;Remove redundant object allocation in cglib proxy method calls;Fixes gh-35542I've noticed ~1.2TB of memory allocations of java.lang.Boolean in 10 minute long JMC dump.This seemed a lot to me so I have fixed it. After the patch, the bytecode of generated cglib proxies now display a more memory saving valueOf() calls to box primitives (especially the Boolean);FALSE;spring-core;spring-core;in: core, type: enhancement;other;Remove redundant object allocation in cglib proxy method calls * Fixes gh-35542  Signed-off-by: Nurlan Turdaliev <nurlan0000@gmail.com>
35407;2025-09-02T14:14:39Z;2025-09-02T14:26:45Z;0,20;2;11;1;0;Polish gh-35358;This PR polishes the changes made in gh-35358 a bit.;FALSE;framework-docs;framework-docs, spring-web;in: web, type: task;other;Polish gh-35358  Signed-off-by: Johnny Lim <izeye@naver.com>
35393;2025-08-29T01:50:55Z;2025-08-29T11:17:18Z;9,44;1;2;1;0;Fix typo in websocket doc;;FALSE;framework-docs;framework-docs;type: documentation, in: web;bugfix;Fix typo in websocket doc  Signed-off-by: Gustav <69737612+gustaavv@users.noreply.github.com>
35363;2025-08-21T09:34:41Z;2025-08-21T10:09:35Z;0,58;1;4;1;0;Fix `@HttpServiceClient` example in reference manual;;FALSE;framework-docs;framework-docs;type: documentation, in: web;bugfix;fix @HttpServiceClient example  Signed-off-by: NeatGuyCoding <15627489+NeatGuyCoding@users.noreply.github.com>
35262;2025-07-31T08:37:36Z;2025-07-31T10:42:02Z;2,07;1;2;0;0;Remove typo in RestTestClient Javadoc;;FALSE;spring-test;spring-test;in: web, type: task;bugfix;"fix remove useless ""s""  Signed-off-by: NeatGuyCoding <15627489+NeatGuyCoding@users.noreply.github.com>"
35163;2025-07-05T13:37:32Z;2025-07-07T10:41:35Z;45,07;1;4;1;2;Fix copy-n-paste errors in `JmsClient` Javadoc;;TRUE;spring-jms;spring-jms;in: messaging, type: task;bugfix;Fix JmsClient javadoc and add more test cases  Signed-off-by: NeatGuyCoding <15627489+NeatGuyCoding@users.noreply.github.com> | revert changes as requested for fixing JmsClient javadoc  Signed-off-by: NeatGuyCoding <15627489+NeatGuyCoding@users.noreply.github.com> | revert changes as requested for fixing JmsClient javadoc fix checkstyle  Signed-off-by: NeatGuyCoding <15627489+NeatGuyCoding@users.noreply.github.com>
34696;2025-04-01T04:03:14Z;2025-07-07T11:38:02Z;2335,58;1;16;0;0;Improve BeanFactoryExtensionsTests;Comparing to Java's BeanFactory.getBean(Class<T> requiredType), Kotlin's BeanFactory.getBean<T>() supports generic type as T, this commit add test to cover that and add assertions.;FALSE;spring-beans;spring-beans;type: task, in: core;refactor;Improve BeanFactoryExtensionsTests  Comparing to Java's `BeanFactory.getBean(Class<T> requiredType)`, Kotlin's `BeanFactory.getBean<T>()` supports generic type as `T`, this commit add test to cover that and add assertions.  Signed-off-by: Yanming Zhou <zhouyanming@gmail.com>
34757;2025-04-15T08:57:29Z;2025-07-07T11:37:47Z;1994,67;13;108;2;0;Convert applicable methods in `Scope` to `default` methods;getConversationId and resolveContextualObject are candidates for being converted to default methods, not sure about registerDestructionCallback.;FALSE;spring-beans;spring-beans, spring-context, spring-messaging, spring-tx, spring-web;in: core, type: enhancement;other;Mark applicable Scope's methods as default  Signed-off-by: Yanming Zhou <zhouyanming@gmail.com>
34709;2025-04-03T03:45:16Z;2025-07-07T11:37:32Z;2287,87;3;104;0;0;Discard further rows once maxRows has been reached;See #34666 (comment);FALSE;spring-jdbc;spring-jdbc;in: data, type: enhancement;other;Discard further rows once maxRows has been reached  See https://github.com/spring-projects/spring-framework/issues/34666#issuecomment-2773151317  Signed-off-by: Yanming Zhou <zhouyanming@gmail.com>
35140;2025-07-01T05:11:38Z;2025-07-01T08:56:53Z;3,75;2;163;2;0;Fix jitter handling in `AbstractRetryInterceptor`;OverviewFix potential loss of precision, and test jitter handling with unit tests.Related Issues#35136;FALSE;spring-aop;spring-aop;type: task, in: core;bugfix;Fix potentially loses precision and jitter is not well capped with unit tests  Signed-off-by: NeatGuyCoding <15627489+NeatGuyCoding@users.noreply.github.com>
35055;2025-06-15T12:11:54Z;2025-06-18T11:00:44Z;70,81;1;6;6;2;Document intention of `toString()` in `HandlerMethod`;"The formatErrorForReturnValue method in ServletInvocableHandlerMethod previously included an unnecessary call to toString() and a dangling ""in"" at the end of the formatted string.Since the surrounding context already provides sufficient information, both the toString() call and the "" in"" suffix have been removed to improve clarity.No functional changes.";TRUE;spring-web;spring-web;type: documentation, in: web;docs;"Remove redundant `toString()` call and trailing ""in"" from error message  The `formatErrorForReturnValue` method in `ServletInvocableHandlerMethod` previously included an unnecessary call to `toString()` and a dangling ""in"" at the end of the formatted string.  Since the surrounding context already provides sufficient information, both the `toString()` call and the `"" in""` suffix have been removed to improve clarity.  No functional changes.  Signed-off-by: wonyongg <111210881+wonyongg@users.noreply.github.com> | Clarify Javadoc for HandlerMethod.toString()  Document that HandlerMethod.toString() is used in log and error messages, and that the returned description should typically include the method signature of the underlying handler method for clarity and debugging.  Signed-off-by: wonyongg <111210881+wonyongg@users.noreply.github.com> | Update spring-web/src/main/java/org/springframework/web/method/HandlerMethod.java  Co-authored-by: Sam Brannen <104798+sbrannen@users.noreply.github.com> Signed-off-by: WonYong Hwang <111210881+wonyongg@users.noreply.github.com>"
35037;2025-06-12T11:39:31Z;2025-06-12T12:57:26Z;1,30;1;3;2;0;Remove unused field in `ResourceHttpRequestHandler`;Remove field contentNegotiationManager  which has no usage in ResourceHttpRequestHandler;FALSE;spring-webmvc;spring-webmvc;in: web, type: task;other;Remove unsed field in 'ResourceHttpRequestHandler'  Signed-off-by: 秦利斌 <68638598+Allan-QLB@users.noreply.github.com>
34961;2025-05-28T14:53:13Z;2025-05-28T15:06:24Z;0,22;2;12;0;0;Fix typos in API versioning;Fixes a few small typos I noticed when exploring the new API versioning code.;FALSE;spring-web;spring-web;type: documentation, in: web;bugfix;Fix typos in API versioning  Signed-off-by: Scott Frederick <scottyfred@gmail.com>
34914;2025-05-17T09:19:28Z;2025-05-28T13:54:07Z;268,58;1;9;0;0;Polish HttpRequestValues;This PR polishes HttpRequestValues a bit.;FALSE;spring-web;spring-web;in: web, type: task;other;Polish HttpRequestValues  Signed-off-by: Johnny Lim <izeye@naver.com>
34896;2025-05-14T12:22:58Z;2025-05-21T15:43:23Z;171,34;1;2;0;0;Define nullability `@Contract` for `quote` and `getFilename` in `StringUtils`;"This currently failsif (StringUtils.hasLength(location)) {	String filename = StringUtils.stripFilenameExtension(StringUtils.getFilename(location));}";FALSE;spring-core;spring-core;in: core, type: enhancement;other;Polish nullability contract of StringUtils  Signed-off-by: Stéphane Nicoll <stephane.nicoll@broadcom.com>
34900;2025-05-14T13:37:17Z;2025-05-14T13:50:30Z;0,22;2;6;1;0;Upgrade to Kotlin 2.1.21;Worth to add to 7.0.0-M5;FALSE;framework-platform;framework-platform, root;type: dependency-upgrade;other;Upgrade to Kotlin 2.1.21  Signed-off-by: Dmitry Sulman <dmitry.sulman@gmail.com>
34746;2025-04-12T13:58:37Z;2025-04-22T10:16:34Z;236,30;1;4;1;0;Improve handling of `mainThreadPrefix` and remove redundant null check;This Pull Request refactors the isCurrentThreadAllowedToHoldSingletonLock method to improve the consistency of mainThreadPrefix variable usage and remove a redundant null check.ChangesConsistent Variable UsageAfter assigning the value of this.mainThreadPrefix to the local variable mainThreadPrefix at the beginning of the method, the subsequent if check now consistently uses the local variable (if (mainThreadPrefix != null) instead of if (this.mainThreadPrefix != null)).Removed Redundant Null CheckThe mainThreadPrefix != null check within the else if (this.strictLocking == null) block has been removed.This check was redundant because if (maainThreadPrefix != null) condition has already passed, guaranteeing the variable is not null at that point.I hope my PR useful :)Thank you.;FALSE;spring-beans;spring-beans;type: task, in: core;bugfix;Refactor variable usage in isCurrentThreadAllowedToHoldSingletonLock method  Signed-off-by: Seonghun Jeong <tjdgns5506@gmail.com> | Remove redundant null check  Signed-off-by: Seonghun Jeong <tjdgns5506@gmail.com>
34723;2025-04-06T16:26:51Z;2025-04-10T12:46:50Z;92,33;52;3045;1;0;Provide first-class support for Bean Overrides with `@ContextHierarchy`;"BackgroundAs explained by @wilkinsona in #33293 (comment), the Spring TestContext Framework (TCF) creates a MergedContextConfiguration for each ApplicationContext that it may create. Furthermore, this applies to every ApplicationContext created for each level in a @ContextHierarchy.Thus, by default, all context configuration mechanisms for a given test class will be applied to all application contexts created for that test class. Specifically, this means that features such as @ActiveProfiles, @TestPropertySource, and bean overrides (@TestBean, @MockitoBean, @MockitoSpyBean, etc.) will be applied to each application context.For features such as @ActiveProfiles and @TestPropertySource, that makes sense. You probably always want the same bean definition profiles and test property sources to be applied to every application context in a context hierarchy.However, with bean overrides that is typically not the case. Rather, when you configure a bean override, you expect Spring to override a specific bean in a specific application context in the context hierarchy. Phrased differently, you probably do not want Spring to attempt to override matching beans in all application contexts in a context hierarchy.If Spring does attempt to override matching beans in all application contexts in a context hierarchy, that can lead to unexpected behavior or errors like those reported in #33293 and #34597.ProposalThis PR provides first-class support for Bean Overrides (@MockitoBean, @MockitoSpyBean, @TestBean, etc.) with @ContextHierarchy.Specifically, bean overrides can now specify which ApplicationContext they target within the context hierarchy by configuring the contextName attribute in the annotation. The contextName must match a corresponding name configured via @ContextConfiguration.For example, the following test class configures the name of the second hierarchy level to be ""child"" and simultaneously specifies that the ExampleService should be wrapped in a Mockito spy in the context named ""child"". Consequently, Spring will only attempt to create the spy in the ""child"" context and will not attempt to create the spy in the parent context.@ExtendWith(SpringExtension.class)@ContextHierarchy({    @ContextConfiguration(classes = Config1.class),    @ContextConfiguration(classes = Config2.class, name = ""child"")})class MockitoSpyBeanContextHierarchyTests {    @MockitoSpyBean(contextName = ""child"")    ExampleService service;    // ...}The above example demonstrates how this feature would help to resolve the issue reported in #34597.A similar approach can be applied to the failing use case reported in #33293, and the ReusedParentConfigV1Tests and ReusedParentConfigV2Tests test classes in this PR demonstrate that.@Autowired with Magical PowersThe proposed feature also introduces functionality that is not possible with @Autowired. @Autowired will always inject a matching bean found in the lowest level of the context hierarchy. However, with bean overrides in different levels of the context hierarchy, you may need to be able to have all of those bean override instances injected into the test class in order to interact with them -- for example, to configure stubbing for a mock.The following example demonstrates that is possible to inject an ExampleService mock from both the ""parent"" and the ""child"" context simultaneously.@ExtendWith(SpringExtension.class)@ContextHierarchy({    @ContextConfiguration(classes = Config1.class, name = ""parent""),    @ContextConfiguration(classes = Config2.class, name = ""child"")})class MockitoBeanContextHierarchyTests {    @MockitoBean(contextName = ""parent"")    ExampleService serviceInParent;    @MockitoBean(contextName = ""child"")    ExampleService serviceInChild;    // ...}RamificationsIn order to support reliable context caching and field injection, the contextName attribute contributes to MergedContextConfiguration cache key. Thus, bean overrides that would otherwise appear to be logically equivalent are not considered equivalent if they specify different context names. Consequently, specifying different context names can result in an application context being loaded multiple times.Related Issues#33293#34597#34726";FALSE;framework-docs;framework-docs, spring-test;in: test, type: enhancement;feature;"Provide first-class support for Bean Overrides with @⁠ContextHierarchy  This commit provides first-class support for Bean Overrides (@⁠MockitoBean, @⁠MockitoSpyBean, @⁠TestBean, etc.) with @⁠ContextHierarchy.  Specifically, bean overrides can now specify which ApplicationContext they target within the context hierarchy by configuring the `contextName` attribute in the annotation. The `contextName` must match a corresponding `name` configured via @⁠ContextConfiguration.  For example, the following test class configures the name of the second hierarchy level to be ""child"" and simultaneously specifies that the ExampleService should be wrapped in a Mockito spy in the context named ""child"". Consequently, Spring will only attempt to create the spy in the ""child"" context and will not attempt to create the spy in the parent context.  @⁠ExtendWith(SpringExtension.class) @⁠ContextHierarchy({     @⁠ContextConfiguration(classes = Config1.class),     @⁠ContextConfiguration(classes = Config2.class, name = ""child"") }) class MockitoSpyBeanContextHierarchyTests {      @⁠MockitoSpyBean(contextName = ""child"")     ExampleService service;      // ... }  See gh-33293 See gh-34597 See gh-34726  Signed-off-by: Sam Brannen <104798+sbrannen@users.noreply.github.com>"
34686;2025-03-30T10:52:53Z;2025-03-30T18:28:12Z;7,59;1;2;1;0;Fix typo in Bean Validation section of reference manual;"Minor typo in  ""Java Bean Validation - Customizing Validation Errors""";FALSE;framework-docs;framework-docs;type: documentation, in: core;bugfix;"Fix typo in Spring Framework reference  Minor typo in  ""Java Bean Validation - Customizing Validation Errors""  Signed-off-by: Tobias Hänel <contact@tobias-haenel.de>"
34668;2025-03-28T08:54:10Z;2025-03-28T13:40:52Z;4,78;4;50;0;0;Stop calling deprecated JdbcOperations methods;;FALSE;spring-jdbc;spring-jdbc;in: data, type: task;other;Stop calling deprecated JdbcOperations methods  Signed-off-by: Yanming Zhou <zhouyanming@gmail.com>
34623;2025-03-20T00:44:05Z;2025-03-21T17:38:28Z;40,91;2;157;3;0;Introduce Stream variant methods for SqlQuery;Closes GH-34474;FALSE;spring-jdbc;spring-jdbc;in: data, type: enhancement;feature;Introduce Stream variant methods for SqlQuery  Closes GH-34474  Signed-off-by: Yanming Zhou <zhouyanming@gmail.com>
34603;2025-03-14T18:08:01Z;2025-03-15T12:49:33Z;18,69;5;18;0;1;Fix formatting and update links to scripting libraries and HDIV;;FALSE;framework-docs;framework-docs;type: documentation;bugfix;Fix reference links  Signed-off-by: Tran Ngoc Nhan <ngocnhan.tran1996@gmail.com> | Add space  Signed-off-by: Tran Ngoc Nhan <ngocnhan.tran1996@gmail.com> | Update link to HDIV project  Signed-off-by: Sam Brannen <104798+sbrannen@users.noreply.github.com>
34449;2025-02-19T04:35:47Z;2025-03-08T11:21:31Z;414,76;1;37;1;0;"Add tests to ensure bean definition flag ""fallback"" take precedence over ""defaultCandidate""";;FALSE;spring-beans;spring-beans;type: task, in: core;feature;"Add tests to ensure bean definition flag ""fallback"" take precedence over ""defaultCandidate""  Signed-off-by: Yanming Zhou <zhouyanming@gmail.com>"
34342;2025-01-30T04:34:27Z;2025-01-30T07:23:42Z;2,82;8;28;1;0;Fix Javadoc @code tags;This PR fixes Javadoc @code tags.;FALSE;spring-core;spring-core, spring-jdbc, spring-messaging, spring-test, spring-tx, spring-web, spring-webmvc;type: documentation;bugfix;Fix Javadoc @code tags  Signed-off-by: Johnny Lim <izeye@naver.com>
29434;2022-11-05T20:41:27Z;2022-11-05T23:30:35Z;2,82;2;21;0;0;TomcatRequestUpgradeStrategy is not compatible with Tomcat 10.1;Affects: 6.0.0-RC3java.lang.NoSuchMethodError: 'void org.apache.tomcat.websocket.server.WsServerContainer.doUpgrade(jakarta.servlet.http.HttpServletRequest, jakarta.servlet.http.HttpServletResponse, jakarta.websocket.server.ServerEndpointConfig, java.util.Map)'	at org.springframework.web.socket.server.standard.TomcatRequestUpgradeStrategy.upgradeInternal(TomcatRequestUpgradeStrategy.java:73) ~[spring-websocket-6.0.0-RC3.jar:6.0.0-RC3]	at org.springframework.web.socket.server.standard.AbstractStandardUpgradeStrategy.upgrade(AbstractStandardUpgradeStrategy.java:136) ~[spring-websocket-6.0.0-RC3.jar:6.0.0-RC3]	at org.springframework.web.socket.server.support.AbstractHandshakeHandler.doHandshake(AbstractHandshakeHandler.java:289) ~[spring-websocket-6.0.0-RC3.jar:6.0.0-RC3]	at org.springframework.web.socket.sockjs.transport.handler.WebSocketTransportHandler.doHandshake(WebSocketTransportHandler.java:137) ~[spring-websocket-6.0.0-RC3.jar:6.0.0-RC3]	at org.springframework.web.socket.sockjs.transport.TransportHandlingSockJsService.handleRawWebSocketRequest(TransportHandlingSockJsService.java:216) ~[spring-websocket-6.0.0-RC3.jar:6.0.0-RC3]	at org.springframework.web.socket.sockjs.support.AbstractSockJsService.handleRequest(AbstractSockJsService.java:441) ~[spring-websocket-6.0.0-RC3.jar:6.0.0-RC3]	at org.springframework.web.socket.sockjs.support.SockJsHttpRequestHandler.handleRequest(SockJsHttpRequestHandler.java:134) ~[spring-websocket-6.0.0-RC3.jar:6.0.0-RC3]	at org.springframework.web.servlet.mvc.HttpRequestHandlerAdapter.handle(HttpRequestHandlerAdapter.java:52) ~[spring-webmvc-6.0.0-RC3.jar:6.0.0-RC3]	at org.springframework.web.servlet.DispatcherServlet.doDispatch(DispatcherServlet.java:1080) ~[spring-webmvc-6.0.0-RC3.jar:6.0.0-RC3]	at org.springframework.web.servlet.DispatcherServlet.doService(DispatcherServlet.java:973) ~[spring-webmvc-6.0.0-RC3.jar:6.0.0-RC3]	at org.springframework.web.servlet.FrameworkServlet.processRequest(FrameworkServlet.java:1003) ~[spring-webmvc-6.0.0-RC3.jar:6.0.0-RC3]	at org.springframework.web.servlet.FrameworkServlet.doGet(FrameworkServlet.java:895) ~[spring-webmvc-6.0.0-RC3.jar:6.0.0-RC3]	at jakarta.servlet.http.HttpServlet.service(HttpServlet.java:705) ~[tomcat-embed-core-10.1.1.jar:6.0]upgradeHttpToWebSocket(Object, Object, ServerEndpointConfig, Map<String, String>) that was added in Tomcat 10.0 should be used instead.;FALSE;spring-webflux;spring-webflux, spring-websocket;in: web, type: bug;other;Make WebSocket upgrade strategies compatible with Tomcat 10.1
29045;2022-08-30T16:03:37Z;2022-08-30T20:00:50Z;3,95;8;433;1;0;Replace dependency management plugin with built-in platform support;This PR should address #28931. Some exclusion declarations that were having no discernible effect have been intentionally removed as part of the migration. ./gradlew build succeeds locally.;FALSE;root;framework-platform, root, spring-test, spring-web, spring-webflux, spring-webmvc, spring-websocket;type: task;feature;Replace dependency management plugin with built-in platform support
33899;2024-11-16T10:06:12Z;2024-11-16T16:51:08Z;6,75;1;2;0;0;Update Antora UI Spring to v0.4.18;;FALSE;root;root;type: task;other;Update Antora Spring UI to v0.4.18
33717;2024-10-16T10:06:48Z;2024-10-16T12:12:11Z;2,09;1;2;0;0;Update Antora UI Spring to v0.4.17;;FALSE;root;root;type: task;other;Update Antora Spring UI to v0.4.17
33046;2024-06-17T10:06:45Z;2024-06-17T10:52:39Z;0,77;1;2;0;0;Update Antora UI Spring to v0.4.16;;FALSE;root;root;type: task;other;Update Antora Spring UI to v0.4.16
33705;2024-10-15T05:31:23Z;2024-10-22T19:10:29Z;181,65;3;297;6;5;Fix `PathMatchingResourcePatternResolver` manifest classpath discovery;Update PathMatchingResourcePatternResolver so that in addition to searching the java.class.path system property for classpath enties, it also searches the MANIFEST.MF files from within those jars.Prior to this commit, the addClassPathManifestEntries() method expected that the JVM had added Class-Path manifest entries to the java.class.path system property, however, this did not always happen.The updated code now performs a deep search by loading MANIFEST.MF files from jars discovered from the system property. To deal with potential performance issue, loaded results are also now cached.The updated code has been tested with Spring Boot 3.3 jars extracted using java -Djarmode=tools.;FALSE;spring-core;spring-core;in: core, type: enhancement;bugfix;Fix `PathMatchingResourcePatternResolver` manifest classpath discovery  Update `PathMatchingResourcePatternResolver` so that in addition to searching the `java.class.path` system property for classpath enties, it also searches the `MANIFEST.MF` files from within those jars.  Prior to this commit, the `addClassPathManifestEntries()` method expected that the JVM had added `Class-Path` manifest entries to the `java.class.path` system property, however, this did not always happen.  The updated code now performs a deep search by loading `MANIFEST.MF` files from jars discovered from the system property. To deal with potential performance issue, loaded results are also now cached.  The updated code has been tested with Spring Boot 3.3 jars extracted using `java -Djarmode=tools`.  See gh-33705
33625;2024-10-01T09:37:49Z;2024-10-01T10:33:40Z;0,93;1;2;1;0;"Replace hardcoded `""null""` with `NULL_STRING` constant in `ObjectUtils.nullSafeConciseToString()`";"Description:This pull request replaces the hardcoded ""null"" string in the nullSafeConciseToString method with the existing NULL_STRING constant to improve maintainability and readability.Changes:Replaced occurrences of the hardcoded ""null"" string with the already declared NULL_STRING constant.";FALSE;spring-core;spring-core;type: task, in: core;ci;"Replace hardcoded ""null"" with NULL_STRING In ObjectUtils#nullSafeToString"
33720;2024-10-16T10:06:50Z;2024-10-16T12:15:55Z;2,15;1;2;0;0;Update Antora UI Spring to v0.4.17;;FALSE;framework-docs;framework-docs;type: documentation;other;Update Antora Spring UI to v0.4.17
33659;2024-10-06T10:01:28Z;2024-10-06T13:18:48Z;3,29;1;1;1;0;Remove Javadoc `@since` tag from `MapAccessor` default constructor;OverviewThis PR removes Javadoc @since tag from MapAccessor() as it seems to have been added accidentally.Related Issues#33222;FALSE;spring-context;spring-context;type: task, in: core;docs;Remove Javadoc since from MapAccessor()  See gh-33222
33470;2024-09-03T06:59:17Z;2024-09-27T08:59:53Z;578,01;2;57;2;0;Throw runtime error for `@TransactionalEventListener` when `@Transactional` propagation level is not `REQUIRES_NEW` or `NOT_SUPPORTED`;After #30679, #31414, and #31907, if a method is a @TransactionalEventListener with a propagation level other than @Transactional(propagation = Propagation.REQUIRES_NEW) or @Transactional(propagation = Propagation.NOT_SUPPORTED), a runtime error will be thrown.However, there is no runtime error yet for @Transactional with all propagation level on the top of the class.For classes that use @Service with @Transactional at the top and don't attach this annotation to the method where the write operation takes place, there were cases where it didn't work as intended because no runtime error was thrown.So I'd like to contribute to this.;FALSE;spring-tx;spring-tx;in: data, type: enhancement;bugfix;feat: Implemented to throw a runtime error if a class has @Transactional
33597;2024-09-25T21:03:36Z;2024-09-26T19:49:22Z;22,76;2;5;1;0;Remove unused generic parameter declaration;I think <T> in method is unused;FALSE;spring-webmvc;spring-webmvc;in: web, type: task;other;remove unused keyword
33533;2024-09-13T02:08:38Z;2024-09-20T17:10:16Z;183,03;2;72;4;0;`AnnotatedBeanDefinitionReader` should respect `@Fallback` qualifier analogous to `@Primary`;Also add tests to cover qualifier classes.;FALSE;spring-context;spring-context;type: bug, in: core;test;AnnotatedBeanDefinitionReader should respect @Fallback qualifier analogous to @Primary  Also add tests to cover qualifier classes.
33569;2024-09-19T15:23:44Z;2024-09-20T09:34:39Z;18,18;1;3;1;0;Fix Javadoc `@since` tags in `JettyCoreRequestUpgradeStrategy`;This PR fixes Javadoc @since tags in the JettyCoreRequestUpgradeStrategy.See gh-32097;FALSE;spring-webflux;spring-webflux;in: web, type: task;bugfix;Fix Javadoc since tags in JettyCoreRequestUpgradeStrategy  See gh-32097
33452;2024-08-30T07:11:11Z;2024-09-03T15:30:27Z;104,32;9;26;4;1;Expand acronyms `FQN` and `FQCN`;We should insist on using either one to keep consistency, FQCN is more common in the Java ecosystem.;TRUE;spring-beans;spring-beans, spring-core, spring-tx, spring-webmvc;type: documentation;other;Expand acronym `FQN` and `FQCN`
28461;2022-05-15T00:30:56Z;2022-05-15T13:12:04Z;12,69;2;6;1;0;Use getHost instead of getContainerIpAddress in Redis examples;getContainerIpAddress is deprecated.;FALSE;spring-test;spring-test, src;in: test, type: documentation;feature;Fix doc - use getHost instead of getContainerIpAddress  getContainerIpAddress is deprecated.
33047;2024-06-17T10:06:48Z;2024-06-17T10:53:52Z;0,78;1;2;0;0;Update Antora UI Spring to v0.4.16;;FALSE;framework-docs;framework-docs;type: task;other;Update Antora Spring UI to v0.4.16
33048;2024-06-17T10:06:49Z;2024-06-17T10:54:48Z;0,80;1;2;0;0;Update Antora UI Spring to v0.4.16;;FALSE;framework-docs;framework-docs;type: task;other;Update Antora Spring UI to v0.4.16
33017;2024-06-12T15:41:25Z;2024-06-12T15:45:33Z;0,07;1;2;1;0;Fix package description for org.springframework.validation.annotation;It seems to have been missed in #32532.;FALSE;spring-context;spring-context;type: task;bugfix;Fix package description for org.springframework.validation.annotation  See gh-32532
32992;2024-06-09T07:55:10Z;2024-06-09T11:08:57Z;3,23;1;2;1;0;Do not swallow exceptions on failing to release a savepoint;By swallowing the exception on failing to release a savepoint, we are hiding client code from database errors that they may need to be aware of or handle.e.g. if the connection is now dead when trying to release the savepoint, by swallowing the exception here, client code has no way of knowing this now until the next operation on the database, which will yield a confusing message about the problem and obscures where the failure occurred as it will be in a different part of their code that throws any exception.Swallowing the exception here is also inconsistent with all the other database calls in the Transaction Object, where we always raise an exception up and let client code decide how to handle the error.;FALSE;spring-jdbc;spring-jdbc;in: data, type: enhancement;bugfix;Do not swallow exceptions on failing to release a savepoint  By swallowing the exception on failing to release a savepoint, we are hiding client code from database errors that they may need to be aware of or handle.  e.g. if the connection is now dead when trying to release the savepoint, by swallowing the exception here, client code has no way of knowing this now until the next operation on the database, which will yield a confusing message about the problem and obscures where the failure occurred as it will be in a different part of their code that throws any exception.  Swallowing the exception here is also inconsistent with all the other database calls in the Transaction Object, where we always raise an exception up and let client code decide how to handle the error.
32926;2024-05-30T12:22:07Z;2024-06-03T13:22:44Z;97,01;1;6;3;0;Use getMessageSource internally in RequestContext;"When subclassing RequestContext, providing a custom MessageSource to be used by all getMessage methods should be as easy as overriding getMessageSource:class CustomRequestContext extends RequestContext {    private MessageSource messageSource;    CustomRequestContext(HttpServletRequest request, MessageSource messageSource) {        super(request);        this.messageSource = messageSource;    }    @Override    public MessageSource getMessageSource() {        return messageSource;    }}Unfortunately, the RequestContext.getMessage methods internally use this.webApplicationContext instead of getMessageSource() which hurts the extensibility of the class. Thus in order to provide a custom MessageSource, three additional getMessage methods must be overridden, duplicating functionality from the super methods:class CustomRequestContext extends RequestContext {    private MessageSource messageSource;    CustomRequestContext(HttpServletRequest request, MessageSource messageSource) {        super(request);        this.messageSource = messageSource;    }    @Override    public MessageSource getMessageSource() {        return messageSource;    }    @Override    public String getMessage(String code, @Nullable Object[] args, String defaultMessage, boolean htmlEscape) {	String msg = getMessageSource().getMessage(code, args, defaultMessage, getLocale());	if (msg == null) {		return """";	}	return (htmlEscape ? HtmlUtils.htmlEscape(msg) : msg);    }    @Override    public String getMessage(String code, @Nullable Object[] args, boolean htmlEscape) {	String msg = getMessageSource().getMessage(code, args, getLocale());	return (htmlEscape ? HtmlUtils.htmlEscape(msg) : msg);    }    @Override    public String getMessage(MessageSourceResolvable resolvable, boolean htmlEscape) {	String msg = getMessageSource().getMessage(resolvable, getLocale());	return (htmlEscape ? HtmlUtils.htmlEscape(msg) : msg);    }}This PR changes those three RequestContext.getMessage methods to use getMessageSource() internally (defaulting to this.webApplicationContext unless overridden) to allow providing a custom MessageSource more easily.";FALSE;spring-webmvc;spring-webmvc;in: web, type: enhancement, status: feedback-provided;other;Use getMessageSource internally in RequestContext
32893;2024-05-24T12:32:01Z;2024-05-24T14:55:10Z;2,39;1;35;0;0;Add update-antora-ui-spring.yml workflow;This workflow will take care of opening PRs to update the antora-ui-spring artifact in the antora-playbook.yml file from supported branches and from docs-build.More details about the workflow at https://github.com/spring-io/spring-doc-actions?tab=readme-ov-file#update-antora-ui-springThe action is using a commit hash as its version for now since we still don't have a tag with the workflow, once the tag is created I'll open a PR to use it.;FALSE;.github;.github;type: documentation;feature;Add update-antora-ui-spring.yml workflow
32829;2024-05-15T14:43:54Z;2024-05-15T17:00:27Z;2,28;1;2;2;0;Improve wording in Spring Framework Overview documentation;This pull request fixes a small grammatical mistake by adding missing articles to improve readability and correctness in the Spring Framework documentation, specifically in the overview.adoc file.Details of Changes:Before:In a large enterprise, applications often exist for a long time and have to run on a JDK and application server whose upgrade cycle is beyond developer control.After:In a large enterprise, applications often exist for a long time and have to run on a JDK and application server whose upgrade cycle is beyond the developer's control.;FALSE;framework-docs;framework-docs;type: documentation;refactor;Added missing articles (e.g., 'the' in 'the developer's control')
32784;2024-05-09T06:56:50Z;2024-05-09T07:25:09Z;0,47;4;12;0;0;Insist on using `CollectionUtils.isEmpty()` and `StringUtils.hasLength()`;search (\w+) != null && !(\1).isEmpty\(\);FALSE;spring-core;spring-core, spring-test, spring-webmvc;in: web, type: task, in: core;other;Insist on using `CollectionUtils.isEmpty()` and `StringUtils.hasLength()`  search `(\w+) != null && !(\1).isEmpty\(\)`
32782;2024-05-08T14:55:40Z;2024-05-08T16:20:13Z;1,41;1;3;0;0;Polishing;;FALSE;spring-jdbc;spring-jdbc;in: data, type: task;other;Polishing
32653;2024-04-17T00:48:13Z;2024-05-08T08:35:55Z;511,80;1;11;0;0;Adds support for qualifying columns with table.;Adds support common in other ResultSet implemenatations for qualifying column names with table name to distinguish potentially duplicate column names in a join of two or more tables from one another. The expected format is {table_name}.{column_namne}, where column_name is the actuall designated column name and not the column label.;FALSE;spring-jdbc;spring-jdbc;in: data, type: enhancement;feature;Adds support for qualifying columns with table.  Adds support common in other ResultSet implemenatations for qualifying column names with table name to distinguish potentially duplicate column names in a join of two or more tables from one another. The expected format is {table_name}.{column_namne}, where column_name is the actuall designated column name and not the column label.
27375;2021-09-09T05:40:56Z;2021-09-13T16:08:01Z;106,45;1;4;2;0;Fix memory leak on AOP Proxy class definition cache;"Fix memory leak on AOP Proxy class definition cache.How to reproduceLike @Validated annotation with Request scope Controller like bellow// Annnotation definition@Retention(RetentionPolicy.RUNTIME)@Target(ElementType.TYPE)@Documented@Controller@Scope(WebApplicationContext.SCOPE_REQUEST)@RequestMapping(method = { RequestMethod.GET, RequestMethod.HEAD })@Transactional@Validatedpublic @interface MyController {}@MyControllerpublic class RootController {    @ModelAttribute(""requireJs"")    public boolean isRequireJs() {        return true;    }    @RequestMapping(""/search"")    public String search(        Model model,         @RequestParam(value = ""space"", required = false) @Max(value=100) String space) {        // ommit    }}Aop class definition cache won't work well, therefore memory leakWhythis bug is intruced by:https://github.com/spring-projects/spring-framework/pull/26017/files#diff-8b811560ae60c9f7937f0d378880f1b4366fa67ea7024db018931a26e3b449edL370-L376https://github.com/spring-projects/spring-framework/pull/26017/files#diff-dd90aa36a7221a652e04631ac19dcb6693a9c841e43a90d36cc3caa51121630eL945-L947Because @Validated annotation added,AbstractAdvisingBeanPostProcessor#postProcessAfterInitialization add advice for @ValidatedBefore #26017,cache in org.springframework.cglib.core.AbstractClassGenerator  works well.Because org.springframework.aop.framework.AdvisedSupport#getConfigurationOnlyCopycopy org.springframework.aop.framework.AdvisedSupport#advisorsArray for create copy instance.But after #26017,use same reference of org.springframework.aop.framework.AdvisedSupport#advisors forcreate copy instance. and this advitors field update by AbstractAdvisingBeanPostProcessor#postProcessAfterInitializationWhen Create Aop class instance, try to reuse cache for class definitionCache key is defined below code:org.springframework.cglib.proxy.Enhancer#createClassorg.springframework.cglib.proxy.Enhancer#createHelperorg.springframework.cglib.proxy.Enhancer#filter is registered athttps://github.com/spring-projects/spring-framework/blob/main/spring-aop/src/main/java/org/springframework/aop/framework/CglibAopProxy.java#L201-L202cache miss for class definition, memory leak happenAt AbstractAdvisingBeanPostProcessor#postProcessAfterInitialization, advice objectupdated and therefore cache key is pollute, cache miss and memory leak happen.So, When creating copy instance on org.springframework.aop.framework.AdvisedSupport#getConfigurationOnlyCopy,It is good that create new instance of ArrayList and copy all advices.This bug reported by @hikoma Thanks!";FALSE;spring-aop;spring-aop;type: regression, in: core;bugfix;Fix memory leak on AOP Proxy class definition cache
32469;2024-03-18T02:31:35Z;2024-04-10T10:11:33Z;559,67;5;288;1;2;Consistent handling of undeclared checked exceptions in CGLIB proxies;"This PR fixes a regression in 5.2.RC2.Before this version, if an object was proxied with CGLIB and threw an undeclared checked exception, for example using lombok's @SneakyThrows, the proxy interceptors would see the target's exception as is, and the CGLIB generated class would then wrap the exception in an UndeclaredThrowableException, to match the behaviour of java.lang.reflect.Proxy, so that callers would see the target's exception wrapped in an UndeclaredThrowableException. But starting with 5.2.RC2, the UndeclaredThrowableException is created in the process of invoking the target, inside the proxy, and so the interceptors see the target's exception only after it has been wrapped in an UndeclaredThrowableException, instead of seeing the raw exception from the target. An exception was since then added to prevent this in Kotlin applications, where all exceptions are unchecked (relevant issue), but not for Java.Concretely, this means for example that the rollback behaviour of @Transactional methods changes in 5.2.RC2 for Java applications. One situation where this can occur is that if an application uses CGLIB proxies and undeclared checked exceptions, transactions will stop rolling back on those exceptions with the 5.2 upgrade. Another case is that if a post-5.2 application uses a CGLIB proxy with @Transactional, extracting an interface from a bean can cause the transaction to stop rolling back on undeclared checked exceptions. Below is the relevant section from a reproducer.@Testvoid givenCglibProxyAndNoRollbackForRuntimeException_whenUndeclaredCheckedException_thenRollsBack() {    assertThat(Enhancer.isEnhanced(myClass.getClass())).isTrue();    assertThrowsUndeclaredThrowableException(() -> myClass.throwException(new CheckedException()));    verify(platformTransactionManager).rollback(any()); // fails in 5.2.RC1, passes in 5.2.RC2}@Testvoid givenJdkProxyAndNoRollbackForRuntimeException_whenUndeclaredCheckedException_thenRollsBack() {    assertThat(Proxy.isProxyClass(myInterfaceImpl.getClass())).isTrue();    assertThrowsUndeclaredThrowableException(() -> myInterfaceImpl.throwException(new CheckedException()));    verify(platformTransactionManager, never()).rollback(any());}This regression also seems to affect Resilience4j's circuit breaker, according to one report.The intent behind the new error-handling introduced in 5.2.RC2 was to avoid a bug in CGLIB, but it also changed the behaviour of AOP interceptors. I tried fixing this by reusing a similar error-handling pattern, but the issue is that CGLIB proxies don't always use interceptors, in some cases they use dispatchers to directly invoke the target, so the user-facing error behaviour became really messy.The best solution to this issue is therefore to do the undeclared-exception handling in the generated code. It turns out, there's a fork of CGLIB (also Apache 2) where the issue that prompted the custom error-handling in the first place was fixed (issue and unmerged PR in CGLIB). I reused the implementation from that PR committed it with the original author's name (@hengyunabc), and did some light refactor to it.This MR therefore consists of 3 parts:Fix CGLIBRevert the error-handling to use CGLIB's UndeclaredThrowableTransformerAdd a test suite that can catch regressions like the one in 5.2.RC2";FALSE;spring-aop;spring-aop, spring-core;in: data, in: core, type: enhancement;other;Fix UndeclaredThrowableTransformer. | Fix regression with handling of UndeclaredThrowableException. | Fix checkstyle issues and compiler warnings.
32532;2024-03-26T08:35:56Z;2024-03-30T14:44:41Z;102,15;3;8;5;0;Prevent package summaries from being truncated due to incorrect sentence detection;Javadoc doesn't seem to like having e.g. as it thinks the sentence ends there which is usually incorrect and results in broken descriptions. Replacing the breakable space with a nonbreakable one works around it.;FALSE;spring-core;spring-core, spring-webflux;type: task;other;Fix some package summaries being cut off due to incorrect sentence detection.  Javadoc doesn't seem to like having `e.g. ` as it thinks, the sentence ends there which is usually incorrect and results in broken descriptions. Reword the doc strings slightly to avoid problematic parts.
32467;2024-03-17T00:25:39Z;2024-03-17T12:33:31Z;12,13;1;2;1;0;Make SimpleAliasRegistry.aliasNames final;This PR changes SimpleAliasRegistry.aliasNames to final.;FALSE;spring-core;spring-core;type: task, in: core;other;Make SimpleAliasRegistry.aliasNames final
30011;2023-02-22T04:45:12Z;2023-02-24T17:09:58Z;60,41;1;2;0;0;Initialize ArrayList with exact size in HttpHeaders;;FALSE;spring-web;spring-web;in: web, type: task;other;Initialize ArrayList with exact size in HttpHeaders
32413;2024-03-11T07:59:28Z;2024-03-11T08:13:50Z;0,24;4;18;0;0;Polishing Optional usage;;FALSE;spring-context;spring-context, spring-core, spring-test, spring-web;type: task;other;Polishing Optional usage
32407;2024-03-10T14:40:39Z;2024-03-10T15:50:00Z;1,16;1;2;1;0;Fix typo in documentation: mvc-ann-rest-exceptions.adoc;Fixed a small typo.Link to the relevant webpage, see under the table: https://docs.spring.io/spring-framework/reference/web/webmvc/mvc-ann-rest-exceptions.html;FALSE;framework-docs;framework-docs;in: web, type: task;bugfix;Update mvc-ann-rest-exceptions.adoc  Fixed a small typo.
32367;2024-03-04T21:12:04Z;2024-03-04T22:55:34Z;1,73;1;2;1;0;AbstractErrors: use isEmpty() instead of length();This pull request proposes an enhancement to the doSetNestedPath method where I replaced the check for an empty string using .length() > 0 with the more concise !nestedPath.isEmpty() in the conditional statement. This change improves readability and aligns with common Java best practices for string emptiness checks.;FALSE;spring-context;spring-context;type: task, in: core;bugfix;enh: use isEmpty() instead of length()
32348;2024-02-29T09:20:20Z;2024-02-29T12:34:55Z;3,24;2;21;0;0;Add missing method BeanDefinitionBuilder.setFallback();;FALSE;spring-beans;spring-beans;type: task, in: core;feature;Add missing method BeanDefinitionBuilder.setFallback()
32347;2024-02-29T09:12:03Z;2024-02-29T12:33:43Z;3,36;1;31;0;0;Add test for @Fallback with BeanFactory.getBean(Class);;FALSE;spring-context;spring-context;type: task, in: core;feature;Add test for @Fallback with BeanFactory.getBean(Class)
32316;2024-02-23T01:54:19Z;2024-02-23T07:37:46Z;5,72;7;16;0;0;Polishing Javadoc;;FALSE;spring-webmvc;spring-webmvc;in: web, type: task;docs;Polishing
32313;2024-02-22T12:49:13Z;2024-02-22T14:21:33Z;1,54;8;16;1;0;Polishing Javadoc;;FALSE;spring-jdbc;spring-jdbc;in: data, type: task;docs;Polishing | Polishing
32308;2024-02-22T02:16:57Z;2024-02-22T09:59:35Z;7,71;2;121;0;0;Replace redundant javadoc with {@inheritDoc} for AbstractBeanDefinition;;FALSE;spring-beans;spring-beans;type: task, in: core;docs;Replace redundant javadoc with {@inheritDoc} for AbstractBeanDefinition
30079;2023-03-08T04:58:22Z;2024-02-15T15:28:45Z;8266,51;5;53;12;5;Resolve type variable recursively in `GenericTypeResolver`;Addresses #24963;TRUE;spring-context;spring-context, spring-core;in: core, type: enhancement;other;Improve GenericTypeResolver to resolve type variable recursively  Fix GH-24963
32265;2024-02-14T11:52:13Z;2024-02-14T12:52:33Z;1,01;1;4;1;0;Fix Kotlin syntax errors in RestClient builder example in rest-clients.adoc;Fix Kotlin syntax errors in RestClient builder example in rest-clients.adoc;FALSE;framework-docs;framework-docs;type: documentation, in: web, theme: kotlin;bugfix;Fix Kotlin syntax errors in RestClient builder example
32218;2024-02-07T21:34:12Z;2024-02-07T22:27:31Z;0,89;1;2;2;0;Fix typo in beanvalidation.adoc;FieldErrro to FieldError;FALSE;framework-docs;framework-docs;type: documentation;bugfix;Update beanvalidation.adoc  FieldErrro to FieldError
32216;2024-02-07T20:10:10Z;2024-02-07T22:27:11Z;2,28;1;2;2;0;Variables definition fixed;"In Kotlin variables should be defined as val or var. ""mockMvc"" was not defined properly";FALSE;framework-docs;framework-docs;type: documentation;bugfix;"In Kotlin variables should be defined as val or var. ""mockMvc"" was not defined properly"
32118;2024-01-25T12:09:48Z;2024-02-06T07:23:51Z;283,23;1;35;0;0;Refactor ReloadableResourceBundleMessageSource;This change allows subclasses to reuse collecting and merging algorithm when overriding getMergedProperties method.;FALSE;spring-context;spring-context;in: core, type: enhancement;refactor;Refactor ReloadableResourceBundleMessageSource  This change allows subclasses to reuse collecting and merging algorithm when overriding getMergedProperties method.
30108;2023-03-12T19:20:07Z;2023-03-28T08:38:04Z;373,30;1;18;1;0;Documentation for Vavr's Try method to trigger transaction rollbacks;Updated the Spring Framework documentation to include an example of using Vavr's Try monad to trigger transaction rollbacks when a @Transactional-annotated method returns a Failure. The modified documentation demonstrates how to use Try in a transactional method and how to check if an exception has been wrapped inside a Try.Failure instance. Additionally, a link to the official Vavr documentation was added to provide more information on the Try method.Closes #29560;FALSE;framework-docs;framework-docs;in: data, type: documentation;docs;feat: Add support for Vavr's Try monad to trigger transaction rollbacks  Updated the Spring Framework documentation to include an example of using Vavr's Try monad to trigger transaction rollbacks when a @Transactional-annotated method returns a Failure. The modified documentation demonstrates how to use Try in a transactional method and how to check if an exception has been wrapped inside a Try.Failure instance. Additionally, a link to the official Vavr documentation was added to provide more information on the Try method.
32083;2024-01-22T19:25:40Z;2024-01-22T19:40:47Z;0,25;1;3;1;0;Fixes atlas-extension order;The atlas-extension must be registered before the latest-version-extension so that the latest version logic is applied to versions imported from the atlas-extension.Closes gh-32067;FALSE;root;root;type: documentation;bugfix;Fixes atlas-extension order  The atlas-extension must be registered before the latest-version-extension so that the latest version logic is applied to versions imported from the atlas-extension.  Closes gh-32067
32066;2024-01-19T16:13:14Z;2024-01-19T16:16:05Z;0,05;1;4;0;0;Update to spring-io/spring-doc-actions v0.0.14;;FALSE;.github;.github;type: documentation;docs;Update to spring-io/spring-doc-actions v0.0.14
32056;2024-01-18T20:44:31Z;2024-01-19T08:16:27Z;11,53;1;2;0;0;Update to antora-extensions 1.8.2;This will fix the redirects for page-aliases. See spring-io/antora-extensions#19;FALSE;root;root;type: documentation;other;Update to antora-extensions 1.8.2
31966;2024-01-07T11:33:46Z;2024-01-07T14:05:19Z;2,53;1;2;1;0;Update SDKMAN config to use 17.0.9-librca;;FALSE;root;root;type: task;other;Upgrade SDKMAN to 17.0.9
31939;2024-01-03T13:51:49Z;2024-01-03T13:56:51Z;0,08;1;2;3;0;Update `autowired-qualifiers.adoc` to refer the `-parameters` Java compiler flag;As described in Parameter Name Retention section for the Spring Upgrade Guide for 6.1, Spring only matches the injection point name (e.g. parameter name of a constructor) against the target bean names if the -parameters Java compiler flag is present.;FALSE;framework-docs;framework-docs;type: documentation, in: core;docs;Update autowired-qualifiers.adoc
31899;2023-12-23T21:11:23Z;2023-12-26T10:36:51Z;61,42;1;4;1;0;Fix formatting in scheduling.adoc;This fixes two minor formatting issues in the task scheduling documentation.;FALSE;framework-docs;framework-docs;type: documentation, in: core;bugfix;Fix formatting in scheduling.adoc
31847;2023-12-14T19:35:18Z;2023-12-15T06:37:30Z;11,04;1;6;2;0;Combine if-statements in `ScopedProxyBeanDefinitionDecorator`;This pull request simplifies the code and makes it more readable by combining two conditions into a single statement using the logical AND operator (&&). Now, the enclosed statement executes only when both conditions (a and  b) are true.Your review and consideration for merging are appreciated to improve overall code quality.;FALSE;spring-aop;spring-aop;type: task, in: core;other;Combine conditions for better readability and simplicity
31506;2023-10-26T11:21:19Z;2023-12-08T22:09:39Z;1042,81;3;265;5;0;Support direct shard database operation routing in Spring JDBC;"This PR is a follow up to #30988.Goal is to add support for direct database operation routing in sharded databases in Spring JDBC.This functionality is achieved by acquiring a shard connection through the JDBC APIDataSource.createConnectionBuilder().shardingKey(key).build().In this PR we will focus on one of the two approaches that were introduced in the previous PR.We introduce a DataSource adapter class that applies sharding keys to every standard getConnection() call. The sharding keys are specified through a ShardingKeyProvider object.Here's an example of how to use it:ShardingKeyDataSourceAdapter dataSourceAdapter = new ShardingKeyDataSourceAdapter(dataSource);dataSourceAdapter.setShardingKeyProvider(new ShardingKeyProvider() {    public ShardingKey getShardingKey() throws SQLException {        // Example: The sharding key is derived from the user name.        String name = SecurityContextHolder.getContext().getAuthentication().getName();        return dataSource.createShardingKeyBuilder().subKey(name, JDBCType.VARCHAR).build();    }        public ShardingKey getSuperShardingKey() throws SQLException {        return null;    }});JdbcTemplate shardingJdbcTemplate = new JdbcTemplate(dataSourceAdapter);// The SQL query will be executed directly in the shard corresponding // to the sharding key returned from the ShardingKeyProvider.getShardingKey() method.shardingJdbcTemplate.execute(SQL);";FALSE;spring-jdbc;spring-jdbc;in: data, type: enhancement;feature;Introduce ShardingKeyDataSourceAdapter to get shard connections.  This commit introduces a DataSource proxy, that changes the behavior of the getConnection method to use the `createConnectionBuilder()` api to acquire direct shard connections. The shard connection is acquired by specifying a `ShardingKey` that is correspondent to the wanted shard.  The sharding key can be specified either by setting the thread bound sharding key value, which will be used later by the `getConnection()` method, or by defining a `ShardingKeyProvider` which is used in the `getConnection` method to get the ShardingKey.  If both ways are used at the same time, the thread-bound sharding key is the one that will be used.  The goal of binding the sharding key to the current thread, is that we want to specify the sharding key at one level, and want it to be used later in another level, without the need to propagate it, for example set the thread-bound sharding key, and execute a `JdbcTemplate.query(SQL)` method that that will call `DataSource.getConnection()`, and as the sharding key is bound to the thread, it can be acquired to get the shard connection. | Add tests for ShardingKeyDataSourceAdapter | Remove thread local sharding keys from ShardingKeyDataSourceAdapter | Rewrite ShardingKeyDataSourceAdapter tests
31796;2023-12-08T16:31:18Z;2023-12-08T17:31:17Z;1,00;1;2;1;0;Fix link text in WebFlux `@HttpExchange` section of reference docs;Minor typo on docs on Spring Framework -> WebFlux -> Annotated Controllers -> Mapping Requests -> @HttpExchange;FALSE;framework-docs;framework-docs;type: documentation;bugfix;Update ann-requestmapping.adoc  Minor typo on docs on Spring Framework -> WebFlux -> Annotated Controllers -> Mapping Requests -> `@HttpExchange`
31784;2023-12-07T18:47:52Z;2023-12-08T15:12:29Z;20,41;2;100;0;0;Add `MySQLIdentityColumnMaxValueIncrementer`;The PR adds MySQLIdentityColumnMaxValueIncrementer to resolve #18989.Using a MySQL auto-increment column as a sequence with AbstractIdentityColumnMaxValueIncrementer was not practical before MySQL 8 as the auto-increment counter was only stored in memory but not persisted. With MySQL 8.0 and InnoDB, this behavior has changed: https://dev.mysql.com/doc/refman/8.0/en/innodb-auto-increment-handling.html#innodb-auto-increment-initializationWith MySQL 8 and InnoDB, the new incrementer can be used safely in a setup with active-active replication. If the database parameters auto_increment_increment and auto_increment_offset are configured appropriately, the incrementer will not produce duplicate ids even if different database instances are queried.I've assembled a toy setup with a multi-threaded test against two MySQL instances with active-active replication here: https://github.com/hpoettker/mysql-incrementer-demo;FALSE;spring-jdbc;spring-jdbc;in: data, type: enhancement;feature;Adds `MySQLIdentityColumnMaxValueIncrementer`  The new `DataFieldMaxValueIncrementer` can be used with identity columns in MySQL 8.0 or later.
30231;2023-03-29T18:51:31Z;2023-12-08T15:15:51Z;6092,41;5;39;1;0;Fix `SimpleJdbcCall` named parameter binding for Sybase ASE;This commit fixes an issue with Sybase named parameter binding in the code. The namedParamBindingToUse method has been updated to properly handle named parameters in Sybase stored procedures. Prior to this fix, the method may not have returned the correct named parameter for a given parameter name, causing issues with stored procedure execution.This fix is necessary to ensure proper execution of Sybase stored procedures that use named parameters.When working with Sybase ASE stored procedures, parameters should be supplied in the order of their create procedure statement, unless they are supplied in the form @<parameter> = <value>, in which case they can be supplied in any order. For more information, see the Sybase ASE documentation: https://help.sap.com/docs/SAP_ASE/b65d6a040c4a4709afd93068071b2a76/aa8728babc2b101491a4f578b9082925.html?locale=en-US;FALSE;spring-jdbc;spring-jdbc;in: data, type: enhancement;bugfix;Fix Sybase SimpleJdbcCall named parameter binding
31699;2023-11-28T01:40:01Z;2023-11-30T13:05:13Z;59,42;3;21;0;0;Correct conversion from Resource[] with length 1 to Collection<Resource>;Fix GH-31693;FALSE;spring-beans;spring-beans, spring-context;type: regression, in: core;other;Correct conversion from Resource[] with length 1 to Collection<Resource>  Fix GH-31693

;;;;; ANÁLISE ESTATÍSTICA DESCRITIVA ;;;;;

;### TEMPO ATÉ MERGE (horas) ###
;--- ESTATÍSTICAS DESCRITIVAS BÁSICAS ---
;Número de observações (n);100
;Mínimo;0,05
;Máximo;8266,51
;Amplitude total;8266,46
;Média aritmética (μ);299,78
;Mediana;5,25
;--- MEDIDAS DE DISPERSÃO ---
;Desvio padrão amostral (s);1106,48
;Variância;1224289,95
;Coeficiente de variação;369,09%
;Amplitude Interquartil (AIQ);85,56
;--- QUARTIS E PERCENTIS ---
;Percentil 10%;0,41
;Percentil 25% (Q1);1,39
;Percentil 50% (Mediana);5,25
;Percentil 75% (Q3);86,95
;Percentil 90%;424,47
;--- IDENTIFICAÇÃO DE OUTLIERS (CRITÉRIO DE TUKEY, 1977) ---
;Limite inferior (Q1 - 1,5 × AIQ);-126,96
;Limite superior (Q3 + 1,5 × AIQ);215,30
;Número de outliers;15
;Percentual de outliers;15,00%
;--- CLASSIFICAÇÃO POR PERCENTIS (HINDMAN E FAN, 1996) ---
;Faixa;Classificação;Intervalo
;Muito Baixa;0% a 10%;≤ 0,41
;Baixa;10% a 25%;0,41 a 1,39
;Média;25% a 75%;1,39 a 86,95
;Alta;75% a 90%;86,95 a 424,47
;Muito Alta;90% a 100%;≥ 424,47

;### ARQUIVOS ALTERADOS (arquivos) ###
;--- ESTATÍSTICAS DESCRITIVAS BÁSICAS ---
;Número de observações (n);100
;Mínimo;1,00
;Máximo;52,00
;Amplitude total;51,00
;Média aritmética (μ);2,64
;Mediana;1,00
;--- MEDIDAS DE DISPERSÃO ---
;Desvio padrão amostral (s);5,40
;Variância;29,20
;Coeficiente de variação;204,69%
;Amplitude Interquartil (AIQ);1,00
;--- QUARTIS E PERCENTIS ---
;Percentil 10%;1,00
;Percentil 25% (Q1);1,00
;Percentil 50% (Mediana);1,00
;Percentil 75% (Q3);2,00
;Percentil 90%;5,00
;--- IDENTIFICAÇÃO DE OUTLIERS (CRITÉRIO DE TUKEY, 1977) ---
;Limite inferior (Q1 - 1,5 × AIQ);-0,50
;Limite superior (Q3 + 1,5 × AIQ);3,50
;Número de outliers;16
;Percentual de outliers;16,00%
;--- CLASSIFICAÇÃO POR PERCENTIS (HINDMAN E FAN, 1996) ---
;Faixa;Classificação;Intervalo
;Muito Baixa;0% a 10%;≤ 1,00
;Baixa;10% a 25%;1,00 a 1,00
;Média;25% a 75%;1,00 a 2,00
;Alta;75% a 90%;2,00 a 5,00
;Muito Alta;90% a 100%;≥ 5,00

;### LINHAS MODIFICADAS (linhas) ###
;--- ESTATÍSTICAS DESCRITIVAS BÁSICAS ---
;Número de observações (n);100
;Mínimo;1,00
;Máximo;3045,00
;Amplitude total;3044,00
;Média aritmética (μ);66,75
;Mediana;8,50
;--- MEDIDAS DE DISPERSÃO ---
;Desvio padrão amostral (s);308,74
;Variância;95320,31
;Coeficiente de variação;462,53%
;Amplitude Interquartil (AIQ);36,50
;--- QUARTIS E PERCENTIS ---
;Percentil 10%;2,00
;Percentil 25% (Q1);2,00
;Percentil 50% (Mediana);8,50
;Percentil 75% (Q3);38,50
;Percentil 90%;104,40
;--- IDENTIFICAÇÃO DE OUTLIERS (CRITÉRIO DE TUKEY, 1977) ---
;Limite inferior (Q1 - 1,5 × AIQ);-52,75
;Limite superior (Q3 + 1,5 × AIQ);93,25
;Número de outliers;12
;Percentual de outliers;12,00%
;--- CLASSIFICAÇÃO POR PERCENTIS (HINDMAN E FAN, 1996) ---
;Faixa;Classificação;Intervalo
;Muito Baixa;0% a 10%;≤ 2,00
;Baixa;10% a 25%;2,00 a 2,00
;Média;25% a 75%;2,00 a 38,50
;Alta;75% a 90%;38,50 a 104,40
;Muito Alta;90% a 100%;≥ 104,40

;;;;; INFORMAÇÕES METODOLÓGICAS ;;;;;
;--- FÓRMULAS UTILIZADAS ---
;Média aritmética (Triola, 2024);μ = Σ(xi) / n
;Desvio padrão amostral;s = √[Σ(xi - μ)² / (n-1)]
;Amplitude Interquartil;AIQ = Q3 - Q1
;Limites de Tukey (1977);LI = Q1 - 1,5×AIQ / LS = Q3 + 1,5×AIQ
;Método de percentis;Hyndman e Fan (1996), p = (i-1)/(n-1)
;Coeficiente de variação;CV = (s/μ) × 100%

;;;;; INTERPRETAÇÃO DOS RESULTADOS ;;;;;
;--- ORIENTAÇÕES PARA ANÁLISE ---
;1. Média e Mediana;Compare estes valores. Se média > mediana, há assimetria positiva
;2. Desvio Padrão;Quanto maior, maior a dispersão dos dados em relação à média
;3. Coeficiente de Variação;CV < 15%: baixa variabilidade; 15-30%: média; >30%: alta
;4. Outliers;Valores além dos limites de Tukey podem indicar casos atípicos
;5. AIQ;Representa a faixa onde está concentrada a metade central dos dados
;6. Classificação;Use os percentis para categorizar novos PRs em termos de complexidade

